Force,Time
0.040763518,0.389906008
2.520248835,0.280275774
4.99902522,0.181255871
7.544618329,0.082212337
10.48561757,0.065257076
