Force,Time
0.108769645,0.502323379
3.694838251,0.239518158
6.95504188,0.075022938
10.49449492,0.054074052
15.43929618,0.054105324
19.98275964,0.054269081
