Force,Time
0.031473579,0.286338574
2.382881213,0.340908553
3.589999448,0.40615904
5.363997066,0.16780387
7.755042477,0.085720145
11.89653948,0.049442705
16.04111286,0.041365275
